Planet name,Rp (Rearth),Rp err1 (Rearth),Rp err2 (Rearth),Mp (Mearth),Mp err1 (Mearth),Mp err2 (Mearth),P (days),a (AU),a err1 (AU),a err2 (AU),Kmag,a/Rs,a/Rs err1,a/Rs err2,Rp/Rs,Rp/Rs err1,Rp/Rs err2,stellar Teff (K),Rs (Rsun),Rs err1 (Rsun),Rs err2 (Rsun),Reference,Reference publication date,Archive release date,hasMass,noRadiusUncertainty,noMassUncertainty,noSemimajorAxisUncertainty,noStellarRadiusUncertainty,noARsUncertainty,noRpRsUncertainty,has_all_params_except_mass,Mass reference,Mass reference publication date,Mass archive release date,Non-mass reference,Non-mass reference publication date,Non-mass archive release date,Mdwarf?,Ls (Lsun),I (Iearth),IXUV (Iearth),vesc (km/s)
GJ 1132 b,1.19151465,0.03811053,-0.04483592,1.83704819,0.19069704,-0.18751876,1.62892911,0.0157,0.00013,-0.00013,8.322,15.26,0.59,-0.45,0.04943,0.00015,-0.00015,3229.0,0.22099278588869795,0.0069,-0.0081,<a refstr=XUE_ET_AL__2024 href=https://ui.adsabs.harvard.edu/abs/2024arXiv240813340X/abstract target=ref>Xue et al. 2024</a>,2024-08-01,2024-09-03,True,False,False,False,False,False,False,True,<a refstr=XUE_ET_AL__2024 href=https://ui.adsabs.harvard.edu/abs/2024arXiv240813340X/abstract target=ref>Xue et al. 2024</a>,2024-08-01,2024-09-03,<a refstr=XUE_ET_AL__2024 href=https://ui.adsabs.harvard.edu/abs/2024arXiv240813340X/abstract target=ref>Xue et al. 2024</a>,2024-08-01,2024-09-03,True,0.0047568233084644305,19.340093819251038,478.7054419323958,13.889433663518638
GJ 357 b,1.217,0.084,-0.083,1.84,0.31,-0.31,3.93072,0.035,0.002,-0.002,6.475,22.31,0.76,-0.9,0.0331,0.0009,-0.0009,3505.0,0.3370791617091975,0.015,-0.015,<a refstr=LUQUE_ET_AL__2019 href=https://ui.adsabs.harvard.edu/abs/2019A&A...628A..39L/abstract target=ref>Luque et al. 2019</a>,2019-08-01,2019-08-15,True,False,False,False,False,False,False,True,<a refstr=LUQUE_ET_AL__2019 href=https://ui.adsabs.harvard.edu/abs/2019A&A...628A..39L/abstract target=ref>Luque et al. 2019</a>,2019-08-01,2019-08-15,<a refstr=LUQUE_ET_AL__2019 href=https://ui.adsabs.harvard.edu/abs/2019A&A...628A..39L/abstract target=ref>Luque et al. 2019</a>,2019-08-01,2019-08-15,True,0.015364008752973592,12.561699855871995,153.8670703325925,13.754271065059745
GJ 1252 b,1.193,0.074,-0.074,1.32,0.28,-0.28,0.5182331,0.00915,0.00015,-0.00015,7.915,5.03,0.27,-0.27,0.027972611074165116,0.00224896119582247,-0.00224896119582247,3458.0,0.390999999985696,0.02,-0.02,<a refstr=LUQUE__AMP__PALL_EACUTE__2022 href=https://ui.adsabs.harvard.edu/abs/2022Sci...377.1211L/abstract target=ref>Luque &amp; Pall&eacute; 2022</a>,2022-09-01,2023-07-10,True,False,False,False,False,False,False,True,<a refstr=LUQUE__AMP__PALL_EACUTE__2022 href=https://ui.adsabs.harvard.edu/abs/2022Sci...377.1211L/abstract target=ref>Luque &amp; Pall&eacute; 2022</a>,2022-09-01,2023-07-10,<a refstr=CROSSFIELD_ET_AL__2022 href=https://ui.adsabs.harvard.edu/abs/2022arXiv220809479C/abstract target=ref>Crossfield et al. 2022</a>,2022-08-01,2022-09-19,True,0.019585836142722378,234.13128533982717,2479.100764250674,11.766321219525526
GJ 3473 b,1.264,0.05,-0.049,1.86,0.3,-0.3,1.1980035,0.01589,0.00062,-0.00062,8.829001,9.39,0.19,-0.21,0.03184,0.00069,-0.00067,3347.0,0.3639513508187529,0.012,-0.012,<a refstr=KEMMER_ET_AL__2020 href=https://ui.adsabs.harvard.edu/abs/2020A&A...642A.236K/abstract target=ref>Kemmer et al. 2020</a>,2020-10-01,2020-10-22,True,False,False,False,False,False,False,True,<a refstr=KEMMER_ET_AL__2020 href=https://ui.adsabs.harvard.edu/abs/2020A&A...642A.236K/abstract target=ref>Kemmer et al. 2020</a>,2020-10-01,2020-10-22,<a refstr=KEMMER_ET_AL__2020 href=https://ui.adsabs.harvard.edu/abs/2020A&A...642A.236K/abstract target=ref>Kemmer et al. 2020</a>,2020-10-01,2020-10-22,True,0.014893547916239551,58.96402594180365,735.8481941353367,13.569282737774724
GJ 486 b,1.289,0.019,-0.014,2.77,0.076,-0.073,1.46712127,0.01714,0.00013,-0.00013,6.362,11.38,0.074,-0.15,0.037244,5.9e-05,-5.6e-05,3317.0,0.31729696653158684,0.0044,-0.0034,<a refstr=WEINER_MANSFIELD_ET_AL__2024 href=https://ui.adsabs.harvard.edu/abs/2024ApJ...975L..22W/abstract target=ref>Weiner Mansfield et al. 2024</a>,2024-11-01,2025-04-16,True,False,False,False,False,False,False,True,<a refstr=WEINER_MANSFIELD_ET_AL__2024 href=https://ui.adsabs.harvard.edu/abs/2024ApJ...975L..22W/abstract target=ref>Weiner Mansfield et al. 2024</a>,2024-11-01,2025-04-16,<a refstr=WEINER_MANSFIELD_ET_AL__2024 href=https://ui.adsabs.harvard.edu/abs/2024ApJ...975L..22W/abstract target=ref>Weiner Mansfield et al. 2024</a>,2024-11-01,2025-04-16,True,0.010919490445416917,38.7251247655258,582.1989288562417,16.397867864334426
GJ 367 b,0.699,0.024,-0.024,0.633,0.05,-0.05,0.3219225,0.00709,0.00027,-0.00027,5.78,3.3287728901838047,0.15810414026390407,-0.15810414026390407,0.01399,0.00028,-0.00028,3522.0,0.45806676423701687,0.013,-0.013,<a refstr=GOFFO_ET_AL__2023 href=https://ui.adsabs.harvard.edu/abs/2023arXiv230709181G/abstract target=ref>Goffo et al. 2023</a>,2023-07-01,2023-08-10,True,False,False,False,False,False,False,True,<a refstr=GOFFO_ET_AL__2023 href=https://ui.adsabs.harvard.edu/abs/2023arXiv230709181G/abstract target=ref>Goffo et al. 2023</a>,2023-07-01,2023-08-10,<a refstr=GOFFO_ET_AL__2023 href=https://ui.adsabs.harvard.edu/abs/2023arXiv230709181G/abstract target=ref>Goffo et al. 2023</a>,2023-07-01,2023-08-10,True,0.02892701473587063,575.2869712306073,4820.614118578951,10.644793080186636
HD 260655 b,1.24,0.023,-0.023,2.14,0.34,-0.34,2.76953,0.02933,0.00024,-0.00024,5.862,14.43,0.29,-0.29,0.02586,0.00046,-0.00046,3803.0,0.43960486028975626,0.003,-0.003,<a refstr=LUQUE_ET_AL__2022 href=https://ui.adsabs.harvard.edu/abs/2022arXiv220410261L/abstract target=ref>Luque et al. 2022</a>,2022-04-01,2022-06-27,True,False,False,False,False,False,False,True,<a refstr=LUQUE_ET_AL__2022 href=https://ui.adsabs.harvard.edu/abs/2022arXiv220410261L/abstract target=ref>Luque et al. 2022</a>,2022-04-01,2022-06-27,<a refstr=LUQUE_ET_AL__2022 href=https://ui.adsabs.harvard.edu/abs/2022arXiv220410261L/abstract target=ref>Luque et al. 2022</a>,2022-04-01,2022-06-27,True,0.03621753751760149,41.61674439934043,304.7310807660007,14.69501388417293
HD 260655 c,1.533,0.051,-0.046,3.09,0.48,-0.48,5.70588,0.04749,0.00039,-0.00039,5.862,23.37,0.47,-0.47,0.032,0.001,-0.001,3803.0,0.4391991564091159,0.003,-0.003,<a refstr=LUQUE_ET_AL__2022 href=https://ui.adsabs.harvard.edu/abs/2022arXiv220410261L/abstract target=ref>Luque et al. 2022</a>,2022-04-01,2022-06-27,True,False,False,False,False,False,False,True,<a refstr=LUQUE_ET_AL__2022 href=https://ui.adsabs.harvard.edu/abs/2022arXiv220410261L/abstract target=ref>Luque et al. 2022</a>,2022-04-01,2022-06-27,<a refstr=LUQUE_ET_AL__2022 href=https://ui.adsabs.harvard.edu/abs/2022arXiv220410261L/abstract target=ref>Luque et al. 2022</a>,2022-04-01,2022-06-27,True,0.036150719260527535,15.866580539178793,116.30896070636567,15.881156259747089
GJ 806 b,1.331,0.023,-0.023,1.9,0.17,-0.17,0.9263237,0.01406,0.0003,-0.0003,6.533,7.3,0.13,-0.13,0.0294,0.0004,-0.0004,3600.0,0.4150496441057964,0.0038,-0.0038,<a refstr=PALLE_ET_AL__2023 href=https://ui.adsabs.harvard.edu/abs/2023A&A...678A..80P/abstract target=ref>Palle et al. 2023</a>,2023-10-01,2023-11-28,True,False,False,False,False,False,False,True,<a refstr=PALLE_ET_AL__2023 href=https://ui.adsabs.harvard.edu/abs/2023A&A...678A..80P/abstract target=ref>Palle et al. 2023</a>,2023-10-01,2023-11-28,<a refstr=PALLE_ET_AL__2023 href=https://ui.adsabs.harvard.edu/abs/2023A&A...678A..80P/abstract target=ref>Palle et al. 2023</a>,2023-10-01,2023-11-28,True,0.02592380470017382,130.574913413887,1168.5317093463511,13.364777391390524
Kepler-138 c,1.51,0.04,-0.04,2.3,0.6,-0.5,13.7815,0.0913,0.0007,-0.0007,9.506,37.0,1.0,-1.0,0.025875722562765394,0.0009635014129768193,-0.0009301478972974466,3841.0,0.534999999980428,0.013,-0.014,<a refstr=PIAULET_ET_AL__2022 href=https://ui.adsabs.harvard.edu/abs/2022NatAs.tmp..269P/abstract target=ref>Piaulet et al. 2022</a>,2022-12-01,2023-01-04,True,False,False,False,False,False,False,True,<a refstr=PIAULET_ET_AL__2022 href=https://ui.adsabs.harvard.edu/abs/2022NatAs.tmp..269P/abstract target=ref>Piaulet et al. 2022</a>,2022-12-01,2023-01-04,<a refstr=PIAULET_ET_AL__2022 href=https://ui.adsabs.harvard.edu/abs/2022NatAs.tmp..269P/abstract target=ref>Piaulet et al. 2022</a>,2022-12-01,2023-01-04,True,0.055817893021565354,6.586720639243562,37.20533170274749,13.805412922794876
Kepler-54 c,0.81,0.18,-0.16,0.7,0.25,-0.16,12.071342,,,,12.648,21.88,0.72,-0.72,0.02516,0.0008,-0.0008,3579.0,0.2951506220365599,0.015,-0.015,<a refstr=OFIR_ET_AL__2025 href=https://ui.adsabs.harvard.edu/abs/2025AJ....169...90O/abstract target=ref>Ofir et al. 2025</a>,2025-02-01,2025-04-16,True,False,False,True,False,False,False,True,<a refstr=OFIR_ET_AL__2025 href=https://ui.adsabs.harvard.edu/abs/2025AJ....169...90O/abstract target=ref>Ofir et al. 2025</a>,2025-02-01,2025-04-16,<a refstr=DRESSING__AMP__CHARBONNEAU_2013 href=https://ui.adsabs.harvard.edu/abs/2013ApJ...767...95D/abstract target=ref>Dressing &amp; Charbonneau 2013</a>,2013-04-01,2016-03-10,True,0.012806275648817629,14.19866857229149,193.9965089081189,10.398733955338587
Kepler-54 b,1.38,0.3,-0.27,0.98,0.34,-0.22,8.010785,,,,12.648,26.9,2.3,-2.3,0.03347,0.00049,-0.00049,3579.0,0.37800077893993833,0.015,-0.015,<a refstr=OFIR_ET_AL__2025 href=https://ui.adsabs.harvard.edu/abs/2025AJ....169...90O/abstract target=ref>Ofir et al. 2025</a>,2025-02-01,2025-04-16,True,False,False,True,False,False,False,True,<a refstr=OFIR_ET_AL__2025 href=https://ui.adsabs.harvard.edu/abs/2025AJ....169...90O/abstract target=ref>Ofir et al. 2025</a>,2025-02-01,2025-04-16,<a refstr=DRESSING__AMP__CHARBONNEAU_2013 href=https://ui.adsabs.harvard.edu/abs/2013ApJ...767...95D/abstract target=ref>Dressing &amp; Charbonneau 2013</a>,2013-04-01,2016-03-10,True,0.021004910212327966,9.393721866412601,95.377338562369,9.426434437762339
Kepler-52 c,1.69,0.24,-0.24,29.9,6.2,-4.2,16.3849,0.10379,0.00444,-0.00444,12.36,42.6,2.5,-2.5,0.02976,0.00096,-0.00096,3898.0,0.5206226980138781,0.026,-0.026,<a refstr=OFIR_ET_AL__2025 href=https://ui.adsabs.harvard.edu/abs/2025AJ....169...90O/abstract target=ref>Ofir et al. 2025</a>,2025-02-01,2025-04-16,True,False,False,False,False,False,False,True,<a refstr=OFIR_ET_AL__2025 href=https://ui.adsabs.harvard.edu/abs/2025AJ....169...90O/abstract target=ref>Ofir et al. 2025</a>,2025-02-01,2025-04-16,<a refstr=MUIRHEAD_ET_AL__2012 href=https://ui.adsabs.harvard.edu/abs/2012ApJ...750L..37M/abstract target=ref>Muirhead et al. 2012</a>,2012-05-01,2016-02-25,True,0.05606633690649865,5.270400329179707,29.690827047384566,47.05071185703589
TRAPPIST-1 b,1.116,0.014,-0.012,1.374,0.069,-0.069,1.510826,0.01154,0.0001,-0.0001,10.296,20.843,0.094,-0.155,0.0859,0.00037,-0.00037,2566.0,0.11910784072623735,0.0013,-0.0013,<a refstr=AGOL_ET_AL__2021 href=https://ui.adsabs.harvard.edu/abs/2021PSJ.....2....1A/abstract target=ref>Agol et al. 2021</a>,2021-02-01,2022-11-14,True,False,False,False,False,False,False,True,<a refstr=AGOL_ET_AL__2021 href=https://ui.adsabs.harvard.edu/abs/2021PSJ.....2....1A/abstract target=ref>Agol et al. 2021</a>,2021-02-01,2022-11-14,<a refstr=AGOL_ET_AL__2021 href=https://ui.adsabs.harvard.edu/abs/2021PSJ.....2....1A/abstract target=ref>Agol et al. 2021</a>,2021-02-01,2022-11-14,True,0.0005510562817608138,4.134296452591029,372.97870806768185,12.411813055827505
TRAPPIST-1 c,1.097,0.014,-0.012,1.308,0.056,-0.056,2.421937,0.0158,0.00013,-0.00013,10.296,28.549,0.129,-0.212,0.0844,0.00038,-0.00038,2566.0,0.11916082509116656,0.0013,-0.0013,<a refstr=AGOL_ET_AL__2021 href=https://ui.adsabs.harvard.edu/abs/2021PSJ.....2....1A/abstract target=ref>Agol et al. 2021</a>,2021-02-01,2022-11-14,True,False,False,False,False,False,False,True,<a refstr=AGOL_ET_AL__2021 href=https://ui.adsabs.harvard.edu/abs/2021PSJ.....2....1A/abstract target=ref>Agol et al. 2021</a>,2021-02-01,2022-11-14,<a refstr=AGOL_ET_AL__2021 href=https://ui.adsabs.harvard.edu/abs/2021PSJ.....2....1A/abstract target=ref>Agol et al. 2021</a>,2021-02-01,2022-11-14,True,0.0005515466585669542,2.203638090410521,198.69681970137773,12.214466840886912
TRAPPIST-1 d,0.804,0.014,-0.012,0.388,0.012,-0.012,4.049219,0.0223,0.0003,-0.0003,10.296,40.15,0.18,-0.18,0.061837099999710585,0.0012705259962126603,-0.00114308095985807,2566.0,0.1191999999956393,0.0013,-0.0013,<a refstr=PIAULET_GHORAYEB_ET_AL__2025 href=https://ui.adsabs.harvard.edu/abs/2025ApJ...989..181P/abstract target=ref>Piaulet-Ghorayeb et al. 2025</a>,2025-08-01,2025-12-18,True,False,False,False,False,False,False,True,<a refstr=PIAULET_GHORAYEB_ET_AL__2025 href=https://ui.adsabs.harvard.edu/abs/2025ApJ...989..181P/abstract target=ref>Piaulet-Ghorayeb et al. 2025</a>,2025-08-01,2025-12-18,<a refstr=PIAULET_GHORAYEB_ET_AL__2025 href=https://ui.adsabs.harvard.edu/abs/2025ApJ...989..181P/abstract target=ref>Piaulet-Ghorayeb et al. 2025</a>,2025-08-01,2025-12-18,True,0.000551909367357059,1.1141687483006706,100.42233458057403,7.770729565979325
TRAPPIST-1 e,0.92,0.013,-0.012,0.692,0.022,-0.022,6.101013,0.02925,0.0025,-0.0025,10.296,52.855,0.239,-0.392,0.07079,0.00055,-0.00055,2566.0,0.11914758271996738,0.0013,-0.0013,<a refstr=AGOL_ET_AL__2021 href=https://ui.adsabs.harvard.edu/abs/2021PSJ.....2....1A/abstract target=ref>Agol et al. 2021</a>,2021-02-01,2022-11-14,True,False,False,False,False,False,False,True,<a refstr=AGOL_ET_AL__2021 href=https://ui.adsabs.harvard.edu/abs/2021PSJ.....2....1A/abstract target=ref>Agol et al. 2021</a>,2021-02-01,2022-11-14,<a refstr=AGOL_ET_AL__2021 href=https://ui.adsabs.harvard.edu/abs/2021PSJ.....2....1A/abstract target=ref>Agol et al. 2021</a>,2021-02-01,2022-11-14,True,0.0005514240783524401,0.6429096100353188,57.97736615037097,9.70137048625722
TRAPPIST-1 f,1.045,0.013,-0.012,1.039,0.031,-0.031,9.20754,0.03849,0.00033,-0.00033,10.296,69.543,0.314,-0.516,0.0804,0.00047,-0.00047,2566.0,0.11915974425265093,0.0013,-0.0013,<a refstr=AGOL_ET_AL__2021 href=https://ui.adsabs.harvard.edu/abs/2021PSJ.....2....1A/abstract target=ref>Agol et al. 2021</a>,2021-02-01,2022-11-14,True,False,False,False,False,False,False,True,<a refstr=AGOL_ET_AL__2021 href=https://ui.adsabs.harvard.edu/abs/2021PSJ.....2....1A/abstract target=ref>Agol et al. 2021</a>,2021-02-01,2022-11-14,<a refstr=AGOL_ET_AL__2021 href=https://ui.adsabs.harvard.edu/abs/2021PSJ.....2....1A/abstract target=ref>Agol et al. 2021</a>,2021-02-01,2022-11-14,True,0.0005515366530946406,0.3713771922577433,33.48656502341784,11.153818808843592
TRAPPIST-1 g,1.129,0.015,-0.013,1.321,0.038,-0.038,12.352446,0.04683,0.0004,-0.0004,10.296,84.591,0.382,-0.628,0.08692,0.00053,-0.00053,2566.0,0.11908129392923515,0.0013,-0.0013,<a refstr=AGOL_ET_AL__2021 href=https://ui.adsabs.harvard.edu/abs/2021PSJ.....2....1A/abstract target=ref>Agol et al. 2021</a>,2021-02-01,2022-11-14,True,False,False,False,False,False,False,True,<a refstr=AGOL_ET_AL__2021 href=https://ui.adsabs.harvard.edu/abs/2021PSJ.....2....1A/abstract target=ref>Agol et al. 2021</a>,2021-02-01,2022-11-14,<a refstr=AGOL_ET_AL__2021 href=https://ui.adsabs.harvard.edu/abs/2021PSJ.....2....1A/abstract target=ref>Agol et al. 2021</a>,2021-02-01,2022-11-14,True,0.0005508106699030922,0.2510000186603252,22.65021595416683,12.099805646140858
TRAPPIST-1 h,0.755,0.014,-0.014,0.326,0.02,-0.02,18.772866,0.06189,0.00053,-0.00053,10.296,111.817,0.505,-0.83,0.05809,0.00087,-0.00087,2566.0,0.119155720180522,0.0013,-0.0013,<a refstr=AGOL_ET_AL__2021 href=https://ui.adsabs.harvard.edu/abs/2021PSJ.....2....1A/abstract target=ref>Agol et al. 2021</a>,2021-02-01,2022-11-14,True,False,False,False,False,False,False,True,<a refstr=AGOL_ET_AL__2021 href=https://ui.adsabs.harvard.edu/abs/2021PSJ.....2....1A/abstract target=ref>Agol et al. 2021</a>,2021-02-01,2022-11-14,<a refstr=AGOL_ET_AL__2021 href=https://ui.adsabs.harvard.edu/abs/2021PSJ.....2....1A/abstract target=ref>Agol et al. 2021</a>,2021-02-01,2022-11-14,True,0.0005514994024977666,0.1436502544311055,12.953268618105373,7.350371352100826
LHS 1140 b,1.73,0.025,-0.025,5.6,0.19,-0.19,24.73723,0.0946,0.0017,-0.0017,8.821,94.21974027991574,2.140292824386575,-2.140292824386575,0.0734620057052643,0.0014727392209684185,-0.0014727392209684185,3096.0,0.21589999999210172,0.003,-0.003,<a refstr=CADIEUX_ET_AL__2024 href=https://ui.adsabs.harvard.edu/abs/2024ApJ...960L...3C/abstract target=ref>Cadieux et al. 2024</a>,2024-01-01,2024-03-04,True,False,False,False,False,False,False,True,<a refstr=CADIEUX_ET_AL__2024 href=https://ui.adsabs.harvard.edu/abs/2024ApJ...960L...3C/abstract target=ref>Cadieux et al. 2024</a>,2024-01-01,2024-03-04,<a refstr=CADIEUX_ET_AL__2024 href=https://ui.adsabs.harvard.edu/abs/2024ApJ...960L...3C/abstract target=ref>Cadieux et al. 2024</a>,2024-01-01,2024-03-04,True,0.0038370524786018522,0.4287611886347514,12.073045095664066,20.125418429182556
LHS 1140 c,1.272,0.026,-0.026,1.91,0.06,-0.06,3.77794,0.027,0.0005,-0.0005,8.821,26.89146921308377,0.6225915246534888,-0.6225915246534888,0.05401368280757006,0.00133500568007222,-0.00133500568007222,3096.0,0.2158999999921017,0.003,-0.003,<a refstr=CADIEUX_ET_AL__2024 href=https://ui.adsabs.harvard.edu/abs/2024ApJ...960L...3C/abstract target=ref>Cadieux et al. 2024</a>,2024-01-01,2024-03-04,True,False,False,False,False,False,False,True,<a refstr=CADIEUX_ET_AL__2024 href=https://ui.adsabs.harvard.edu/abs/2024ApJ...960L...3C/abstract target=ref>Cadieux et al. 2024</a>,2024-01-01,2024-03-04,<a refstr=CADIEUX_ET_AL__2024 href=https://ui.adsabs.harvard.edu/abs/2024ApJ...960L...3C/abstract target=ref>Cadieux et al. 2024</a>,2024-01-01,2024-03-04,True,0.0038370524786018505,5.263446473089947,148.2079729057792,13.707147451186636
L 98-59 c,1.358,0.04,-0.04,2.22,0.17,-0.16,3.69057404,0.03104,0.00069,-0.00072,7.101,21.243799,2e-06,-2e-06,0.0396,0.00031,-0.00025,3415.0,0.3143937506327881,0.009,-0.009,<a refstr=SCHWARZ_ET_AL_2026 href=https://ui.adsabs.harvard.edu/abs/2026AN....34770059S/abstract target=ref>Schwarz et al. 2026</a>,2026-02-01,2026-03-12,True,False,False,False,False,False,False,True,<a refstr=SCHWARZ_ET_AL_2026 href=https://ui.adsabs.harvard.edu/abs/2026AN....34770059S/abstract target=ref>Schwarz et al. 2026</a>,2026-02-01,2026-03-12,<a refstr=SCHWARZ_ET_AL_2026 href=https://ui.adsabs.harvard.edu/abs/2026AN....34770059S/abstract target=ref>Schwarz et al. 2026</a>,2026-02-01,2026-03-12,True,0.012044791536285406,12.485154714917186,176.97599214983384,14.302124652950763
L 98-59 d,1.576,0.049,-0.049,1.87,0.2,-0.19,7.4507313,0.0496,0.0011,-0.0012,7.101,33.933422,4e-06,-5e-06,0.046,0.00055,-0.00051,3415.0,0.3140998306251529,0.009,-0.009,<a refstr=SCHWARZ_ET_AL_2026 href=https://ui.adsabs.harvard.edu/abs/2026AN....34770059S/abstract target=ref>Schwarz et al. 2026</a>,2026-02-01,2026-03-12,True,False,False,False,False,False,False,True,<a refstr=SCHWARZ_ET_AL_2026 href=https://ui.adsabs.harvard.edu/abs/2026AN....34770059S/abstract target=ref>Schwarz et al. 2026</a>,2026-02-01,2026-03-12,<a refstr=SCHWARZ_ET_AL_2026 href=https://ui.adsabs.harvard.edu/abs/2026AN....34770059S/abstract target=ref>Schwarz et al. 2026</a>,2026-02-01,2026-03-12,True,0.012022281226318777,4.893312812783296,69.44018191801865,12.184750851260793
TOI-270 b,1.306,0.028,-0.028,1.48,0.18,-0.18,3.35992,0.03362,0.00099,-0.00128,8.251,19.09,0.33,-0.69,0.03144,0.0001,-0.0001,3506.0,0.38082895436631947,0.008,-0.008,<a refstr=COULOMBE_ET_AL__2025 href=https://ui.adsabs.harvard.edu/abs/2025AJ....170..226C/abstract target=ref>Coulombe et al. 2025</a>,2025-10-01,2025-10-09,True,False,False,False,False,False,False,True,<a refstr=COULOMBE_ET_AL__2025 href=https://ui.adsabs.harvard.edu/abs/2025AJ....170..226C/abstract target=ref>Coulombe et al. 2025</a>,2025-10-01,2025-10-09,<a refstr=KAYE_ET_AL__2022 href=https://ui.adsabs.harvard.edu/abs/2022MNRAS.510.5464K/abstract target=ref>Kaye et al. 2022</a>,2022-03-01,2025-10-09,True,0.019633431610044074,17.17636474676059,181.6073936063158,11.907846450810904
LTT 1445 A b,1.34,0.11,-0.06,2.73,0.25,-0.23,5.3587635,0.0381,0.00067,-0.0007,6.496,30.231458048147104,1.2357531704119065,-2.191116900364805,0.0454,0.0012,-0.0012,3340.0,0.2705940645997007,0.019,-0.01,<a refstr=PASS_ET_AL__2023 href=https://ui.adsabs.harvard.edu/abs/2023AJ....166..171P/abstract target=ref>Pass et al. 2023</a>,2023-10-01,2024-07-22,True,False,False,False,False,False,False,True,<a refstr=PASS_ET_AL__2023 href=https://ui.adsabs.harvard.edu/abs/2023AJ....166..171P/abstract target=ref>Pass et al. 2023</a>,2023-10-01,2024-07-22,<a refstr=ODDO_ET_AL__2023 href=https://ui.adsabs.harvard.edu/abs/2023AJ....165..134O/abstract target=ref>Oddo et al. 2023</a>,2023-03-01,2023-08-22,True,0.008164151327976574,5.64109149749995,100.9756171792984,15.966248375068993
L 168-9 b,1.63,0.14,-0.14,4.07,0.45,-0.45,1.40152604,0.0208,0.0006,-0.0006,7.082,7.405080857528793,0.5013998366545702,-0.5013998366545702,0.0247,0.0015,-0.001,3842.0,0.605006404269353,0.037,-0.037,<a refstr=HOBSON_ET_AL__2024 href=https://ui.adsabs.harvard.edu/abs/2024arXiv240606278H/abstract target=ref>Hobson et al. 2024</a>,2024-06-01,2024-08-30,True,False,False,False,False,False,False,True,<a refstr=HOBSON_ET_AL__2024 href=https://ui.adsabs.harvard.edu/abs/2024arXiv240606278H/abstract target=ref>Hobson et al. 2024</a>,2024-06-01,2024-08-30,<a refstr=HOBSON_ET_AL__2024 href=https://ui.adsabs.harvard.edu/abs/2024arXiv240606278H/abstract target=ref>Hobson et al. 2024</a>,2024-06-01,2024-08-30,True,0.07145588989327845,164.61344192645817,801.7564758145506,17.67573000176978
LTT 3780 b,1.325,0.057,-0.058,2.46,0.19,-0.19,0.76837931,0.01195,0.00028,-0.00029,8.204001,6.79,0.29,-0.25,0.03212,0.00068,-0.00072,3358.0,0.3781896701733005,0.012,-0.012,<a refstr=BONFANTI_ET_AL__2024 href=https://ui.adsabs.harvard.edu/abs/2024A&A...682A..66B/abstract target=ref>Bonfanti et al. 2024</a>,2024-02-01,2024-03-26,True,False,False,False,False,False,False,True,<a refstr=BONFANTI_ET_AL__2024 href=https://ui.adsabs.harvard.edu/abs/2024A&A...682A..66B/abstract target=ref>Bonfanti et al. 2024</a>,2024-02-01,2024-03-26,<a refstr=BONFANTI_ET_AL__2024 href=https://ui.adsabs.harvard.edu/abs/2024A&A...682A..66B/abstract target=ref>Bonfanti et al. 2024</a>,2024-02-01,2024-03-26,True,0.016294113544343083,114.25591229050013,1351.0152128507964,15.241705679731323
TOI-1235 b,1.69,0.08,-0.08,6.69,0.67,-0.69,3.444714,0.03826,0.00048,-0.00049,7.893,13.29,0.34,-0.38,0.02503026089411926,0.0014121550116751468,-0.0014121550116751468,3997.0,0.618999999977355,0.019,-0.019,<a refstr=LUQUE__AMP__PALL_EACUTE__2022 href=https://ui.adsabs.harvard.edu/abs/2022Sci...377.1211L/abstract target=ref>Luque &amp; Pall&eacute; 2022</a>,2022-09-01,2023-07-10,True,False,False,False,False,False,False,True,<a refstr=LUQUE__AMP__PALL_EACUTE__2022 href=https://ui.adsabs.harvard.edu/abs/2022Sci...377.1211L/abstract target=ref>Luque &amp; Pall&eacute; 2022</a>,2022-09-01,2023-07-10,<a refstr=BLUHM_ET_AL__2020 href=https://ui.adsabs.harvard.edu/abs/2020A&A...639A.132B/abstract target=ref>Bluhm et al. 2020</a>,2020-07-01,2021-05-17,True,0.08762066347059193,59.86625549992099,257.9990889795025,22.255823230339864
LHS 1478 b,1.242,0.051,-0.049,2.33,0.2,-0.2,1.9495378,0.01848,0.00061,-0.00063,8.767,16.119,0.088,-0.094,0.0462,0.0011,-0.001,3381.0,0.24646141696986504,0.008,-0.008,<a refstr=SOTO_ET_AL__2021 href=https://ui.adsabs.harvard.edu/abs/2021A&A...649A.144S/abstract target=ref>Soto et al. 2021</a>,2021-05-01,2021-04-23,True,False,False,False,False,False,False,True,<a refstr=SOTO_ET_AL__2021 href=https://ui.adsabs.harvard.edu/abs/2021A&A...649A.144S/abstract target=ref>Soto et al. 2021</a>,2021-05-01,2021-04-23,<a refstr=SOTO_ET_AL__2021 href=https://ui.adsabs.harvard.edu/abs/2021A&A...649A.144S/abstract target=ref>Soto et al. 2021</a>,2021-05-01,2021-04-23,True,0.00711159820139929,20.835309503464178,405.1535320218828,15.321141347364232
TOI-1685 b,1.421,0.06,-0.06,3.07,0.34,-0.33,0.66913923,0.01164,0.00097,-0.00097,8.758,5.41,0.46,-0.46,0.02818,0.00086,-0.00086,3470.0,0.4622984207902909,0.013,-0.013,<a refstr=EGGER_ET_AL__2025 href=https://ui.adsabs.harvard.edu/abs/2025A&A...696A..28E/abstract target=ref>Egger et al. 2025</a>,2025-04-01,2025-11-20,True,False,False,False,False,False,False,True,<a refstr=EGGER_ET_AL__2025 href=https://ui.adsabs.harvard.edu/abs/2025A&A...696A..28E/abstract target=ref>Egger et al. 2025</a>,2025-04-01,2025-11-20,<a refstr=EGGER_ET_AL__2025 href=https://ui.adsabs.harvard.edu/abs/2025A&A...696A..28E/abstract target=ref>Egger et al. 2025</a>,2025-04-01,2025-11-20,True,0.02776203933795566,205.21959804681228,1762.5766542297356,16.44167674518875
TOI-1634 b,1.773,0.077,-0.077,7.57,0.71,-0.72,0.9893455,0.0149,0.00017,-0.00017,8.6,7.119953598869245,0.26586824339601933,-0.26586824339601933,0.03612148052321402,0.0020274077797833765,-0.0020274077797833765,3472.0,0.44999999998353757,0.016,-0.016,<a refstr=LUQUE__AMP__PALL_EACUTE__2022 href=https://ui.adsabs.harvard.edu/abs/2022Sci...377.1211L/abstract target=ref>Luque &amp; Pall&eacute; 2022</a>,2022-09-01,2023-07-10,True,False,False,False,False,False,False,True,<a refstr=LUQUE__AMP__PALL_EACUTE__2022 href=https://ui.adsabs.harvard.edu/abs/2022Sci...377.1211L/abstract target=ref>Luque &amp; Pall&eacute; 2022</a>,2022-09-01,2023-07-10,<a refstr=HIRANO_ET_AL__2021 href=https://ui.adsabs.harvard.edu/abs/2021AJ....162..161H/abstract target=ref>Hirano et al. 2021</a>,2021-10-01,2021-07-12,True,0.02636528922421966,118.75721465766655,1052.0599282720598,23.113596562758488
LTT 1445 A c,1.07,0.1,-0.07,1.37,0.19,-0.19,3.1238994,0.02659,0.00047,-0.00049,6.496,21.098542506567753,0.863255774447733,-1.5294771163392176,0.0362,0.0019,-0.0016,3340.0,0.27098454832448793,0.019,-0.01,<a refstr=PASS_ET_AL__2023 href=https://ui.adsabs.harvard.edu/abs/2023AJ....166..171P/abstract target=ref>Pass et al. 2023</a>,2023-10-01,2024-07-22,True,False,False,False,False,False,False,True,<a refstr=PASS_ET_AL__2023 href=https://ui.adsabs.harvard.edu/abs/2023AJ....166..171P/abstract target=ref>Pass et al. 2023</a>,2023-10-01,2024-07-22,<a refstr=WINTERS_ET_AL__2021 href=https://ui.adsabs.harvard.edu/abs/2021arXiv210714737W/abstract target=ref>Winters et al. 2021</a>,2021-07-01,2022-01-24,True,0.008187731064961566,11.581809589584772,206.9561225653136,12.657337235800195
TOI-1075 b,1.791,0.116,-0.081,9.95,1.36,-1.3,0.6047328,0.01159,0.00023,-0.0002,9.115,4.4,0.89,-0.91,0.0282,0.0019,-0.0013,3875.0,0.5822584477689241,0.024,-0.024,<a refstr=ESSACK_ET_AL__2022 href=https://ui.adsabs.harvard.edu/abs/2022arXiv221014901E/abstract target=ref>Essack et al. 2022</a>,2022-10-01,2022-11-07,True,False,False,False,False,False,False,True,<a refstr=ESSACK_ET_AL__2022 href=https://ui.adsabs.harvard.edu/abs/2022arXiv221014901E/abstract target=ref>Essack et al. 2022</a>,2022-10-01,2022-11-07,<a refstr=ESSACK_ET_AL__2022 href=https://ui.adsabs.harvard.edu/abs/2022arXiv221014901E/abstract target=ref>Essack et al. 2022</a>,2022-10-01,2022-11-07,True,0.06848683085470748,482.477358862803,2410.530861084892,26.36560273843291
TOI-244 b,1.52,0.12,-0.12,2.68,0.3,-0.3,7.397225,0.0559,0.0013,-0.0013,7.97,28.1,1.8,-1.8,0.0326,0.0017,-0.0018,3433.0,0.42745982991246567,0.025,-0.025,<a refstr=CASTRO_GONZ_AACUTE_LEZ_ET_AL__2023 href=https://ui.adsabs.harvard.edu/abs/2023arXiv230504922C/abstract target=ref>Castro-Gonz&aacute;lez et al. 2023</a>,2023-05-01,2023-10-09,True,False,False,False,False,False,False,True,<a refstr=CASTRO_GONZ_AACUTE_LEZ_ET_AL__2023 href=https://ui.adsabs.harvard.edu/abs/2023arXiv230504922C/abstract target=ref>Castro-Gonz&aacute;lez et al. 2023</a>,2023-05-01,2023-10-09,<a refstr=CASTRO_GONZ_AACUTE_LEZ_ET_AL__2023 href=https://ui.adsabs.harvard.edu/abs/2023arXiv230504922C/abstract target=ref>Castro-Gonz&aacute;lez et al. 2023</a>,2023-05-01,2023-10-09,True,0.022739163127688918,7.287491103533041,70.55265332662937,14.853183952125677
TOI-406 c,1.32,0.12,-0.12,2.08,0.23,-0.22,3.307441,0.0322,0.0013,-0.0013,8.848,17.6,1.1,-1.3,0.0297,0.0016,-0.0017,3392.0,0.40746170921480634,0.029,-0.027,<a refstr=LACEDELLI_ET_AL__2024 href=https://ui.adsabs.harvard.edu/abs/2024arXiv240911083L/abstract target=ref>Lacedelli et al. 2024</a>,2024-09-01,2024-12-16,True,False,False,False,False,False,False,True,<a refstr=LACEDELLI_ET_AL__2024 href=https://ui.adsabs.harvard.edu/abs/2024arXiv240911083L/abstract target=ref>Lacedelli et al. 2024</a>,2024-09-01,2024-12-16,<a refstr=LACEDELLI_ET_AL__2024 href=https://ui.adsabs.harvard.edu/abs/2024arXiv240911083L/abstract target=ref>Lacedelli et al. 2024</a>,2024-09-01,2024-12-16,True,0.01969180950841282,17.70490098922688,186.86248793510325,14.041666646137928
TOI-771 b,1.36,0.1,-0.1,2.47,0.32,-0.31,2.3260155,0.0208,0.0009,-0.001,9.664,18.9,1.1,-1.1,0.05369,0.0008,-0.0008,3370.0,0.23222813004233703,0.017,-0.023,<a refstr=LACEDELLI_ET_AL__2025 href=https://ui.adsabs.harvard.edu/abs/2025arXiv250418223L/abstract target=ref>Lacedelli et al. 2025</a>,2025-04-01,2025-05-05,True,False,False,False,False,False,False,True,<a refstr=LACEDELLI_ET_AL__2025 href=https://ui.adsabs.harvard.edu/abs/2025arXiv250418223L/abstract target=ref>Lacedelli et al. 2025</a>,2025-04-01,2025-05-05,<a refstr=LACEDELLI_ET_AL__2025 href=https://ui.adsabs.harvard.edu/abs/2025arXiv250418223L/abstract target=ref>Lacedelli et al. 2025</a>,2025-04-01,2025-05-05,True,0.00623215003418239,14.958617557143011,314.8536401904923,15.074849293229677
TOI-1450 A b,1.13,0.043,-0.043,1.258,0.128,-0.128,2.0439274,,,,7.565,11.23,0.37,-0.37,0.02144868314112928,0.0013779203428875948,-0.0013779203428875948,3437.0,0.4829999999823303,0.025,-0.025,<a refstr=BRADY_ET_AL__2024 href=https://ui.adsabs.harvard.edu/abs/2024arXiv240510400B/abstract target=ref>Brady et al. 2024</a>,2024-05-01,2024-06-10,True,False,False,True,False,False,False,True,<a refstr=BRADY_ET_AL__2024 href=https://ui.adsabs.harvard.edu/abs/2024arXiv240510400B/abstract target=ref>Brady et al. 2024</a>,2024-05-01,2024-06-10,<a refstr=BRADY_ET_AL__2024 href=https://ui.adsabs.harvard.edu/abs/2024arXiv240510400B/abstract target=ref>Brady et al. 2024</a>,2024-05-01,2024-06-10,True,0.029167622890741898,45.84099965442189,382.22004379362244,11.802528436076638
TOI-1468 b,1.401,0.059,-0.06,3.04,0.46,-0.46,1.8805201,0.02107,0.00016,-0.00016,8.497,12.2,0.35,-0.33,0.03461,0.00092,-0.001,3376.0,0.37111273414399687,0.01,-0.01,<a refstr=MEIER_VALD_AMP_EACUTE_S_ET_AL__2025 href=https://ui.adsabs.harvard.edu/abs/2025arXiv250319772M/abstract target=ref>Meier Vald&eacute;s et al. 2025</a>,2025-03-01,2025-06-11,True,False,False,False,False,False,False,True,<a refstr=MEIER_VALD_AMP_EACUTE_S_ET_AL__2025 href=https://ui.adsabs.harvard.edu/abs/2025arXiv250319772M/abstract target=ref>Meier Vald&eacute;s et al. 2025</a>,2025-03-01,2025-06-11,<a refstr=MEIER_VALD_AMP_EACUTE_S_ET_AL__2025 href=https://ui.adsabs.harvard.edu/abs/2025arXiv250319772M/abstract target=ref>Meier Vald&eacute;s et al. 2025</a>,2025-03-01,2025-06-11,True,0.016029135921776697,36.15643095275907,431.7570991845441,16.477513677514544
LHS 1903 b,1.382,0.046,-0.046,3.28,0.42,-0.42,2.1555098,0.02656,0.00055,-0.00058,8.212,10.59,0.359,-0.35,0.02351,0.00047,-0.00049,3664.0,0.5389205379853,0.014,-0.014,<a refstr=WILSON_ET_AL_2026 href=https://ui.adsabs.harvard.edu/abs/2026arXiv260211271W/abstract target=ref>Wilson et al. 2026</a>,2026-02-01,2026-02-26,True,False,False,False,False,False,False,True,<a refstr=WILSON_ET_AL_2026 href=https://ui.adsabs.harvard.edu/abs/2026arXiv260211271W/abstract target=ref>Wilson et al. 2026</a>,2026-02-01,2026-02-26,<a refstr=WILSON_ET_AL_2026 href=https://ui.adsabs.harvard.edu/abs/2026arXiv260211271W/abstract target=ref>Wilson et al. 2026</a>,2026-02-01,2026-02-26,True,0.0468986104852778,66.57718116517823,417.473985587076,17.232840047669082
TOI-6255 b,1.079,0.065,-0.065,1.44,0.14,-0.14,0.23818244,,,,8.071,3.1,0.12,-0.12,0.0267,0.0014,-0.0014,3421.0,0.3704925709911034,0.011,-0.011,<a refstr=DAI_ET_AL__2024 href=https://ui.adsabs.harvard.edu/abs/2024AJ....168..101D/abstract target=ref>Dai et al. 2024</a>,2024-09-01,2024-08-16,True,False,False,True,False,False,False,True,<a refstr=DAI_ET_AL__2024 href=https://ui.adsabs.harvard.edu/abs/2024AJ....168..101D/abstract target=ref>Dai et al. 2024</a>,2024-09-01,2024-08-16,<a refstr=DAI_ET_AL__2024 href=https://ui.adsabs.harvard.edu/abs/2024AJ....168..101D/abstract target=ref>Dai et al. 2024</a>,2024-09-01,2024-08-16,True,0.016844570859924662,590.4516937796612,6843.974804633846,12.92243869002719
LP 791-18 d,1.032,0.044,-0.043,0.91,0.19,-0.19,2.75485,0.01992,0.00024,-0.00024,10.644,23.535387587677523,0.9485809106741152,-0.9485809106741152,0.05198494993579081,0.002984990741716005,-0.002947780929029306,2960.0,0.18199999999334185,0.007,-0.007,<a refstr=GREKLEK_MCKEON_ET_AL_2025 href=https://ui.adsabs.harvard.edu/abs/2025AJ....170...65G/abstract target=ref>Greklek-McKeon et al. 2025</a>,2025-08-01,2026-02-26,True,False,False,False,False,False,False,True,<a refstr=GREKLEK_MCKEON_ET_AL_2025 href=https://ui.adsabs.harvard.edu/abs/2025AJ....170...65G/abstract target=ref>Greklek-McKeon et al. 2025</a>,2025-08-01,2026-02-26,<a refstr=GREKLEK_MCKEON_ET_AL_2025 href=https://ui.adsabs.harvard.edu/abs/2025AJ....170...65G/abstract target=ref>Greklek-McKeon et al. 2025</a>,2025-08-01,2026-02-26,True,0.0022782336725491095,5.741423708679564,221.03479160710123,10.504002202890224
TOI-6324 b,1.059,0.041,-0.041,1.17,0.22,-0.22,0.279221,,,,8.691,3.17,0.2,-0.2,0.0331,0.0006,-0.0006,3247.0,0.2933170355382416,0.01,-0.01,<a refstr=LEE_ET_AL__2025 href=https://ui.adsabs.harvard.edu/abs/2025ApJ...983L..36L/abstract target=ref>Lee et al. 2025</a>,2025-04-01,2025-05-05,True,False,False,True,False,False,False,True,<a refstr=LEE_ET_AL__2025 href=https://ui.adsabs.harvard.edu/abs/2025ApJ...983L..36L/abstract target=ref>Lee et al. 2025</a>,2025-04-01,2025-05-05,<a refstr=LEE_ET_AL__2025 href=https://ui.adsabs.harvard.edu/abs/2025ApJ...983L..36L/abstract target=ref>Lee et al. 2025</a>,2025-04-01,2025-05-05,True,0.008568254840178341,458.25381982899927,7968.391596385785,11.757606126532053
TOI-198 b,1.36,0.13,-0.13,3.17,0.64,-0.65,10.215213,0.0675,0.0067,-0.0082,7.856,34.69,0.98,-1.93,0.02988,0.00087,-0.0008,3801.0,0.4172800636537174,0.029,-0.029,<a refstr=ZAPATERO_OSORIO_ET_AL_2026 href=https://ui.adsabs.harvard.edu/abs/2026A&A...706A.166Z/abstract target=ref>Zapatero Osorio et al. 2026</a>,2026-02-01,2026-04-09,True,False,False,False,False,False,False,True,<a refstr=ZAPATERO_OSORIO_ET_AL_2026 href=https://ui.adsabs.harvard.edu/abs/2026A&A...706A.166Z/abstract target=ref>Zapatero Osorio et al. 2026</a>,2026-02-01,2026-04-09,<a refstr=ZAPATERO_OSORIO_ET_AL_2026 href=https://ui.adsabs.harvard.edu/abs/2026A&A...706A.166Z/abstract target=ref>Zapatero Osorio et al. 2026</a>,2026-02-01,2026-04-09,True,0.03256382383844007,7.185853227753317,56.08375771021041,17.077886919595482
TOI-4336 A c,1.251,0.066,-0.066,1.55,0.13,-0.13,7.587266,0.05092,0.00045,-0.00045,8.632,33.58723118633216,1.0721882330922001,-1.0721882330922001,0.0352,0.0015,-0.0015,3307.0,0.3258246721626068,0.01,-0.01,<a refstr=PARC_ET_AL_2026 href=https://ui.adsabs.harvard.edu/abs/2026arXiv260122115P/abstract target=ref>Parc et al. 2026</a>,2026-01-01,2026-02-26,True,False,False,False,False,False,False,True,<a refstr=PARC_ET_AL_2026 href=https://ui.adsabs.harvard.edu/abs/2026arXiv260122115P/abstract target=ref>Parc et al. 2026</a>,2026-01-01,2026-02-26,<a refstr=PARC_ET_AL_2026 href=https://ui.adsabs.harvard.edu/abs/2026arXiv260122115P/abstract target=ref>Parc et al. 2026</a>,2026-01-01,2026-02-26,True,0.011376098922695204,4.392217481453819,64.42995384234075,12.451198330294796
Wolf 327 b,1.24,0.06,-0.06,2.53,0.46,-0.46,0.5734745,0.01,0.0004,-0.0004,8.435,5.3,0.06,-0.06,0.028,0.0007,-0.0007,3542.0,0.4060064888247535,0.015,-0.015,<a refstr=MURGAS_ET_AL__2024 href=https://ui.adsabs.harvard.edu/abs/2024arXiv240112150M/abstract target=ref>Murgas et al. 2024</a>,2024-01-01,2024-02-05,True,False,False,False,False,False,False,True,<a refstr=MURGAS_ET_AL__2024 href=https://ui.adsabs.harvard.edu/abs/2024arXiv240112150M/abstract target=ref>Murgas et al. 2024</a>,2024-01-01,2024-02-05,<a refstr=MURGAS_ET_AL__2024 href=https://ui.adsabs.harvard.edu/abs/2024arXiv240112150M/abstract target=ref>Murgas et al. 2024</a>,2024-01-01,2024-02-05,True,0.023246031547255436,232.1335707522432,2217.8320653393876,15.978035239299707
